id,name,address,email
0,Amy Larson,USS Wood FPO AP 89328,hernandezemily@example.net
1,Nicole White,"7915 Cruz Isle Suite 047 North Elizabethchester, RI 27924",fbell@example.com
2,Mr. James Hines,"1361 Heidi Fork North John, GA 78381",nicole95@example.org
3,Grace Jones,"48059 William Track Apt. 027 Thompsonview, ND 35969",bherrera@example.org
4,Alexander Morse,"526 Richardson Lodge Port Jessicabury, NV 80611",gduncan@example.org
5,Jenna Mcmahon,"PSC 6742, Box 4939 APO AP 50501",salasjason@example.net
6,Stanley Murphy,"8023 James Brooks East Lori, MI 46794",hamiltonjohn@example.org
7,Renee Miller,"1944 Davis Pass Suite 859 Jamestown, LA 46156",danielsimmons@example.org
8,Deborah Johnson,"839 Marisa Meadows Murphymouth, PA 42776",royvalencia@example.com
9,Brandon Martinez,USNS Reyes FPO AA 61715,warrenmakayla@example.org
10,Sara Holmes,"532 Vanessa Canyon Kellyton, PA 02269",gmcdowell@example.com
11,Christina Smith,"97902 Adams Ramp West Amber, CT 12426",lawsonthomas@example.com
12,Lori Ferguson,"PSC 6122, Box 9559 APO AE 69546",jessica30@example.org
13,Denise Vega,"463 Paul Ville Rivasmouth, MO 72881",brent11@example.com
14,Aaron Thomas,"1066 Rodriguez Wall Williamberg, NY 06376",waltersrichard@example.net
15,Beth Thomas,"080 Karen Dam Apt. 944 South Dawnview, AZ 12296",jzamora@example.com
16,Steven Miller,"0199 Shawna Vista South David, MA 95345",stephen52@example.net
17,Cathy Smith,"67547 Ross River Apt. 756 West Sharonshire, SD 39706",timothynolan@example.org
18,Richard Williamson,"9571 Mathew Hill Apt. 656 New Manuelburgh, PA 40055",mphillips@example.org
19,Robert Evans,"4466 Stephanie Crest Whitefurt, AK 76276",douglasgraves@example.com
20,Tammy Lynch,"07341 James Street Apt. 183 Bondmouth, NJ 25041",clarktheresa@example.com
21,Elizabeth Nguyen MD,"936 Denise Gardens Suite 308 Tammytown, FL 67593",gutierrezmelinda@example.net
22,Robert Walsh,"82137 Johnson Ways Suite 946 South Shannonfort, FM 33738",justin35@example.com
23,Ruth Watkins,"59534 Moore Creek East Melissatown, ID 50902",noahhodges@example.com
24,Emily Adams,"831 Edward Mills Apt. 293 North Jamieshire, PR 79612",tammythomas@example.org
25,Lawrence Chan,"20429 Hicks Island Jeffreytown, DE 00999",elizabethgriffin@example.org
26,Eddie Grant,"74979 Reginald Hills Suite 748 South Wayne, TX 30508",fgallagher@example.net
27,Sean Davis,Unit 8793 Box 5499 DPO AE 74090,gregoryphillips@example.com
28,Sherri Miles,"73722 Mason Locks Westport, CT 30379",roberthall@example.com
29,Parker Young,"745 Chen Walk Suite 144 Pamelaville, MA 08193",johnmendez@example.org
30,James Howard,"52685 Laurie Extension Suite 919 Pamelaland, CT 63289",alyssamckinney@example.com
31,Glenda Mason,"48661 Palmer Roads Apt. 424 Elizabethborough, WY 51427",debbiejackson@example.net
32,Samantha Mora,"42027 Smith Pines Robertborough, AZ 93685",williamsjames@example.net
33,Jason Jensen,"442 Brandy Coves Suite 888 Erikaville, MS 08238",veronica97@example.com
34,Deanna Parker,"01727 Henson Track Port Maryfort, DC 91828",william34@example.net
35,Mary Hudson,USNS Everett FPO AA 93008,ryan99@example.com
36,Rachel Bell,Unit 5955 Box 3275 DPO AE 59220,randallgoodwin@example.com
37,Susan Decker,"49160 Green Route Apt. 702 Lake Alisonberg, AZ 28029",sydney04@example.net
38,Cristian Williams,"9736 Dana Court Ericamouth, PA 08981",ycarter@example.org
39,Erica Ortega,"104 Kelly Pines Franktown, VI 70010",rodney78@example.net
40,Eric Hunter,"99065 Dustin Row South Cynthiashire, PA 19239",acollins@example.net
41,Megan James,"61919 Stacey Road North Richardton, KS 36333",herringbrittany@example.org
42,Virginia Edwards,"79513 Mills Plains Suite 836 New Joanne, VT 70207",gjohnson@example.net
43,Michael King,"207 Lori Views West Williamhaven, MT 24059",andrewsmichael@example.com
44,Jared Williams,"6360 Nancy Tunnel Charlesmouth, WI 55849",christopherellison@example.net
45,Donna Hernandez,"5487 Nichols Summit Thomasshire, VA 92001",williamheath@example.org
46,Gregory Ball,"56065 Ingram Trafficway Suite 713 Smithbury, FM 50526",mcfarlandheather@example.net
47,Jared Frey,"81533 Brady Flat Apt. 503 Maciasland, MO 28191",bpowell@example.com
48,Johnathan Adams,"699 Palmer Pine Suite 151 Jerrymouth, MT 70441",kristen28@example.net
49,Hannah Black,"41264 Hanna Mountains Suite 584 West Victoriaton, NY 76459",wilsonchristine@example.net
50,Brian Glover,"6700 Taylor Brooks Apt. 498 Port James, NV 23827",villamichelle@example.org
51,Natasha Mack,"588 Williams Burg North Melaniefort, MT 54545",erin34@example.org
52,Joseph Cannon,"702 Michael Oval South Steventon, CO 58881",hancockscott@example.org
53,Melissa Lyons,"08348 Amanda Isle East Hannah, UT 16412",michaelhale@example.net
54,Matthew Garcia,"36180 Chambers Garden Masonborough, FM 70967",loweruth@example.net
55,Emma Williams,"338 Susan Ridges West Matthew, TX 69867",johnsonnatalie@example.com
56,Richard Vega,"2421 Robert Trafficway Apt. 283 Port Jonathan, NV 68638",williamgarcia@example.org
57,Preston Thompson,"6433 Mark Row Apt. 615 New Gloria, MS 45627",wreyes@example.com
58,Cody Wilkinson,"17615 Byrd Lake North Matthew, IA 31567",leslierosales@example.org
59,Jared Cole,"37154 Wright Heights Apt. 441 Lake Henrymouth, PR 85260",carrkyle@example.com
60,Lee Trujillo,"PSC 5186, Box 5132 APO AA 66629",nbanks@example.net
61,Margaret Henderson,USCGC Reeves FPO AA 64422,pricekathryn@example.net
62,Mr. Jonathan Parker,"5619 Chandler Court Jimmymouth, VA 29818",summerserin@example.com
63,Mr. Robert Jackson DDS,USNS Johnson FPO AP 79640,iyu@example.net
64,Jack Lopez,"10607 White Loaf Apt. 806 Toddtown, CA 25369",sarah05@example.net
65,Jennifer Brown,"4939 Amanda Pass Lake Alexandra, MP 11162",lisa03@example.org
66,Andrew Rowland,"81593 Warner Port Apt. 612 West Cameronchester, ME 12907",nclark@example.org
67,Joseph Sweeney,Unit 9718 Box 8304 DPO AA 52294,jjohnson@example.net
68,Nancy Sanchez,"55696 Smith Haven Apt. 702 West Patriciastad, SD 37940",wmoore@example.com
69,Anthony Matthews,"PSC 8927, Box 5962 APO AA 52870",tjones@example.net
70,Christopher Barnett,Unit 6949 Box 3671 DPO AE 01801,apotter@example.net
71,Dustin Richmond,"92906 Gary Flat Erinbury, ID 97600",paul02@example.net
72,Wanda Mullen,"884 Kevin Roads West Angela, MD 69780",smithdaniel@example.org
73,Joshua May,"896 Emily Plains Suite 989 West Aliciamouth, IL 14047",anthonyphillips@example.net
74,Barbara Ramirez,"69573 Hall Viaduct Apt. 945 South Jasonfurt, CA 03562",huntermelissa@example.org
75,Stacey Nguyen,"074 Duke Hollow New Brandon, MA 23376",hoffmanjustin@example.org
76,Amanda Sanchez,"551 Kimberly Meadow Apt. 857 Josephtown, PA 72485",lauraatkins@example.net
77,Brandon Miller,"2829 Lee Fort Apt. 853 West Michelle, AL 02063",josephfischer@example.net
78,Jeremy Pratt,"68187 Rebecca Roads Apt. 780 New Veronica, ND 43584",james81@example.com
79,Joseph Roberts,"802 Jonathan Well Suite 177 Garciaville, WA 29678",fraziersteven@example.org
80,Anthony Myers,"8390 Deleon Ridges Suite 841 Chapmanville, MD 37972",rebeccagarcia@example.org
81,John Moon,"7064 Holt Parkways Williamsbury, OH 95753",moorekelly@example.com
82,Christopher Sanchez,"599 Daniel Trail Apt. 016 Davidland, TX 52094",kerry94@example.org
83,Karl Lee,"40992 Jose Squares West Janet, IA 31972",danderson@example.com
84,Jordan Jackson,"63484 Patricia Lock Garrisonberg, WA 98588",danielcody@example.net
85,Larry Barnes,"769 John Mount Apt. 097 East Robert, NV 59512",teresa58@example.com
86,Jacqueline Alvarado,"161 Carolyn Unions Josephstad, SC 51926",holtfrancisco@example.org
87,Casey Olsen,"66388 Jasmine Rest Suite 577 Williamchester, GA 17400",bowmanmonica@example.com
88,Natalie Vega,"271 Edward Fork Apt. 889 Lake Brandy, DC 68470",clarkdonna@example.net
89,Bobby Baker,"0521 Lopez Junctions Apt. 918 East Jacob, NJ 38482",evansshannon@example.net
90,Robert Spencer,"483 Benjamin Alley Apt. 459 North Melissaside, CA 73495",leachmindy@example.net
91,Jennifer Taylor,"2409 Pearson Gardens Apt. 679 Emilyshire, FM 15156",christopherjones@example.org
92,Adam Morales,"029 Knight Row Lake Carolmouth, AZ 75522",whitneyyoung@example.org
93,Brittney Thompson,"206 Stephen Ridges Apt. 575 Smithport, NC 07425",trevor45@example.com
94,Anthony Holt,"PSC 0430, Box 2339 APO AP 44823",peter23@example.net
95,Timothy Rogers,"PSC 8240, Box 8972 APO AA 10169",jeffreyhill@example.com
96,Teresa English,"132 Andrew Hills Apt. 427 Port Corey, AS 51088",timothyjarvis@example.com
97,Madison Robinson,"606 Heather Key Apt. 838 Brendaville, NY 91144",douglas53@example.net
98,William Rodgers,USNS Matthews FPO AP 35617,michaelmartin@example.org
99,Brianna Rogers,"6350 Cox Squares Beckerborough, AK 25476",jay70@example.org
