id,name,email
0,Scott Lambert,rebeccaglenn@example.org
1,Nathan Cook,kayla92@example.org
2,Jesse Higgins,johnmyers@example.com
3,Kyle Henderson,jacob53@example.org
4,Alejandro Anderson,dhoward@example.org
5,Alicia Villegas,taylor70@example.net
6,Shawn Allen,vnunez@example.org
7,Deborah Page,kathryn84@example.org
8,Lisa Ortiz,stephenthomas@example.net
9,Justin James,jacqueline01@example.com
10,Abigail Brown,larrydean@example.net
11,Nathan Sanders,jonesjennifer@example.com
12,Kelsey Rivers,mary12@example.org
13,Adam May,kathrynsmith@example.net
14,Jose Brown,cuevassarah@example.net
15,John Hill,franklinjohn@example.com
16,Rachel Key,tayloramanda@example.org
17,James Whitney,kyletaylor@example.com
18,Kevin Peterson,nancy55@example.com
19,Ashley Wilson,alvarezwesley@example.com
20,Julie Gonzalez,katherine07@example.org
21,Garrett Espinoza,jackkent@example.com
22,Amber Farley,theresajackson@example.com
23,Morgan Perry,qlopez@example.com
24,Julie Wagner,cory92@example.com
25,Alyssa Graham,donnamartin@example.com
26,Jesse Kim,anthonyjoseph@example.com
27,Andrea Beltran,amberleonard@example.com
28,Tyler Cummings,lindseyunderwood@example.org
29,Gabrielle Zamora,michaellewis@example.net
30,Dr. Margaret Jennings,marylucas@example.com
31,Diane Brown,farmerscott@example.org
32,Patricia King,andrea99@example.org
33,Heather Simmons,pdonaldson@example.com
34,Jennifer Adkins,spittman@example.org
35,Darrell Moore,mobrien@example.net
36,Deborah Tyler,laraamber@example.net
37,David Rice,nicholas61@example.net
38,Kevin Whitehead,brettmorris@example.org
39,Juan Campbell,zshaw@example.org
40,Kristen Edwards,anna07@example.net
41,Robin Tanner,patricia87@example.org
42,Michael Collins,pearsonvictor@example.org
43,Michael Moore,coxmelissa@example.org
44,Jillian Ward,jasmine79@example.com
45,Jacob Rivera,griley@example.net
46,Teresa Bridges MD,ucastillo@example.org
47,Sheila Roth,yparker@example.net
48,Chad Moody,mallen@example.net
49,Elizabeth Hurley,hmunoz@example.org
50,Kelsey Edwards,epalmer@example.net
51,Bobby Williams,kyle81@example.net
52,Jessica Ramos,taylorjessica@example.org
53,Tammy Patrick,ronaldobrien@example.com
54,Mrs. Deborah Hurst,kathleensnow@example.com
55,Dana Diaz,ashley48@example.com
56,Jack Diaz,richardscott@example.org
57,Jason Malone,scottbrooks@example.org
58,Bianca Doyle,barry77@example.net
59,Natasha Martinez,olsonjean@example.net
60,Nancy Ali,brendabowman@example.com
61,Deborah Day,ypowers@example.com
62,Brian Higgins,waltersnichole@example.net
63,Deanna Conley,shelbypeterson@example.org
64,Kimberly Hogan,phillipbartlett@example.com
65,Jason Wallace,stevensadrienne@example.org
66,Samuel Gonzalez,parker44@example.com
67,Rebecca Bell,amy88@example.com
68,Emily Maddox,johnsonraymond@example.org
69,Roger Williams,katiecunningham@example.com
70,Timothy Fuentes,yhayes@example.com
71,Theresa Nichols,maria93@example.com
72,Susan Day,todd37@example.net
73,Emily Holmes,jamesfisher@example.org
74,Kevin Rice,yadams@example.org
75,Angela Nelson,paul45@example.org
76,Robert Shepherd,diazmatthew@example.org
77,Barbara Miller,rivasdiana@example.net
78,Jason Lawrence,william15@example.net
79,Ana Casey,hsummers@example.net
80,Holly Harris,timothy56@example.com
81,Mark Lamb,stevendeleon@example.org
82,Grace Clay,david25@example.org
83,Sean Obrien,jared39@example.org
84,Ashley Cross,daviskevin@example.net
85,Barbara Smith,robertskevin@example.org
86,Daniel Thompson,davidclayton@example.net
87,Mr. Christian Hudson II,deborah01@example.org
88,Brittany Mann,williambutler@example.org
89,Joyce Johnson,chambersscott@example.com
90,Ronald Foster,wallacedebbie@example.net
91,Kristen Dunn,burkejulie@example.org
92,Derek Mann,kylepeters@example.org
93,James Lewis,sotorobin@example.com
94,Erika Griffin,hannahbauer@example.com
95,Meagan Ortiz,bryan58@example.org
96,Charlotte Lawrence,ryan66@example.net
97,Scott Johnson,birddonna@example.com
98,Matthew Vargas,dianemorris@example.net
99,Isaiah Wilson,khamilton@example.com
